Fold,Tempo (s)
1,5159.762988090515
2,5164.486757993698
3,5253.199278116226
4,5197.788800477982
5,5246.318937540054
Total,26021.556762218475
