,precision,recall,f1-score,support
0,0.9975267930750206,0.9801098010980109,0.9887416015979662,11111.0
1,0.8603034134007586,0.9805475504322767,0.9164983164983165,1388.0
accuracy,0.9801584126730138,0.9801584126730138,0.9801584126730138,0.9801584126730138
macro avg,0.9289151032378895,0.9803286757651438,0.9526199590481413,12499.0
weighted avg,0.9822882899157377,0.9801584126730138,0.9807190654176067,12499.0
