,precision,recall,f1-score,support,fold,attack,epsilon
0.0,0.9287054409005628,0.9801098010980109,0.9537154617506678,11111.0,1,FGSM,0.8
1.0,0.7141009055627425,0.3976945244956772,0.5108745950948634,1388.0,1,FGSM,0.8
accuracy,0.9154332346587727,0.9154332346587727,0.9154332346587727,0.9154332346587727,1,FGSM,0.8
macro avg,0.8214031732316527,0.6889021627968441,0.7322950284227656,12499.0,1,FGSM,0.8
weighted avg,0.9048738467691207,0.9154332346587727,0.9045384777584878,12499.0,1,FGSM,0.8
