,precision,recall,f1-score,support,fold,attack,epsilon
0.0,0.9370966354014284,0.9801098010980109,0.9581207108921345,11111.0,1,FGSM,0.5
1.0,0.7482915717539863,0.473342939481268,0.5798764342453663,1388.0,1,FGSM,0.5
accuracy,0.923833906712537,0.923833906712537,0.923833906712537,0.923833906712537,1,FGSM,0.5
macro avg,0.8426941035777074,0.7267263702896395,0.7689985725687504,12499.0,1,FGSM,0.5
weighted avg,0.9161300438066888,0.923833906712537,0.9161171061248958,12499.0,1,FGSM,0.5
