Fold,Tempo (s)
1,3391.3927161693573
2,3437.2301185131073
3,3409.2183949947357
4,3412.968249320984
5,3410.4947605133057
Total,17061.30423951149
