Fold,Tempo (s)
1,114.14606428146362
2,110.10964751243591
3,114.95153427124023
4,113.94880414009094
5,110.92007517814636
Total,564.0761253833771
