,precision,recall,f1-score,support,fold,attack,epsilon
0.0,0.9924771628156905,0.997389973899739,0.9949275037033712,11111.0,2,FGSM,0.5
1.0,0.978244561140285,0.9394812680115274,0.9584711503123852,1388.0,2,FGSM,0.5
accuracy,0.9909592767421393,0.9909592767421393,0.9909592767421393,0.9909592767421393,2,FGSM,0.5
macro avg,0.9853608619779878,0.9684356209556333,0.9766993270078782,12499.0,2,FGSM,0.5
weighted avg,0.990896648284491,0.9909592767421393,0.9908790663478476,12499.0,2,FGSM,0.5
