,precision,recall,f1-score,support,fold,attack,epsilon
0.0,0.9263598326359833,0.9963996399639964,0.9601040763226366,11110.0,4,PGD,0.7
1.0,0.9271402550091075,0.36645068394528435,0.5252837977296182,1389.0,4,PGD,0.7
accuracy,0.9263941115289223,0.9263941115289223,0.9263941115289223,0.9263941115289223,4,PGD,0.7
macro avg,0.9267500438225453,0.6814251619546403,0.7426939370261274,12499.0,4,PGD,0.7
weighted avg,0.9264465601082826,0.9263941115289223,0.9117829812777768,12499.0,4,PGD,0.7
