,precision,recall,f1-score,support,fold,attack,epsilon
0.0,0.9921217547000896,0.997389973899739,0.9947488891880975,11111.0,2,FGSM,0.4
1.0,0.9781790820165538,0.9365994236311239,0.9569377990430622,1388.0,2,FGSM,0.4
accuracy,0.9906392511400912,0.9906392511400912,0.9906392511400912,0.9906392511400912,2,FGSM,0.4
macro avg,0.9851504183583217,0.9669946987654314,0.9758433441155798,12499.0,2,FGSM,0.4
weighted avg,0.9905734364598504,0.9906392511400912,0.990550009828044,12499.0,2,FGSM,0.4
