,precision,recall,f1-score,support,fold,attack,epsilon
0.0,0.9261273320505312,0.9963996399639964,0.9599791874430906,11110.0,4,PGD,0.8
1.0,0.9267399267399268,0.3642908567314615,0.5229974160206718,1389.0,4,PGD,0.8
accuracy,0.9261540923273862,0.9261540923273862,0.9261540923273862,0.9261540923273862,4,PGD,0.8
macro avg,0.926433629395229,0.6803452483477289,0.7414883017318812,12499.0,4,PGD,0.8
weighted avg,0.9261954090185743,0.9261540923273862,0.9114178880986838,12499.0,4,PGD,0.8
