,precision,recall,f1-score,support,fold,attack,epsilon
0.0,0.9909684342305285,0.997389973899739,0.9941688346640352,11111.0,2,FGSM,1.0
1.0,0.9779635258358662,0.9272334293948127,0.9519230769230769,1388.0,2,FGSM,1.0
accuracy,0.9895991679334347,0.9895991679334347,0.9895991679334347,0.9895991679334347,2,FGSM,1.0
macro avg,0.9844659800331974,0.9623117016472759,0.973045955793556,12499.0,2,FGSM,1.0
weighted avg,0.9895242536679401,0.9895991679334347,0.9894774904169394,12499.0,2,FGSM,1.0
