,precision,recall,f1-score,support,fold,attack,epsilon
0.0,0.9950615066894136,0.997389973899739,0.9962243797195254,11111.0,2,FGSM,0.6
1.0,0.9787077826725403,0.9603746397694525,0.9694545454545455,1388.0,2,FGSM,0.6
accuracy,0.9932794623569886,0.9932794623569886,0.9932794623569886,0.9932794623569886,2,FGSM,0.6
macro avg,0.9868846446809769,0.9788823068345958,0.9828394625870354,12499.0,2,FGSM,0.6
weighted avg,0.993245443889556,0.9932794623569886,0.9932516195019245,12499.0,2,FGSM,0.6
