,precision,recall,f1-score,support,fold,attack,epsilon
0.0,0.9748150757308912,0.9963996399639964,0.9854891836553014,11110.0,4,FGSM,0.9
1.0,0.9650043744531933,0.7940964722822175,0.8712480252764613,1389.0,4,FGSM,0.9
accuracy,0.9739179134330747,0.9739179134330747,0.9739179134330747,0.9739179134330747,4,FGSM,0.9
macro avg,0.9699097250920423,0.8952480561231069,0.9283686044658813,12499.0,4,FGSM,0.9
weighted avg,0.9737248233847258,0.9739179134330747,0.9727936904967919,12499.0,4,FGSM,0.9
