,precision,recall,f1-score,support,fold,attack,epsilon
0.0,0.9834754797441365,0.9963996399639964,0.9898953769113833,11110.0,4,FGSM,0.6
1.0,0.9678197908286403,0.8660907127429806,0.9141337386018237,1389.0,4,FGSM,0.6
accuracy,0.9819185534842787,0.9819185534842787,0.9819185534842787,0.9819185534842787,4,FGSM,0.6
macro avg,0.9756476352863884,0.9312451763534885,0.9520145577566035,12499.0,4,FGSM,0.6
weighted avg,0.9817356804078997,0.9819185534842787,0.9814760701178815,12499.0,4,FGSM,0.6
