,precision,recall,f1-score,support,fold,attack,epsilon
0.0,0.9258175127540353,0.9963996399639964,0.9598127194693719,11110.0,4,PGD,0.9
1.0,0.9261992619926199,0.36141108711303094,0.5199378560331435,1389.0,4,PGD,0.9
accuracy,0.9258340667253381,0.9258340667253381,0.9258340667253381,0.9258340667253381,4,PGD,0.9
macro avg,0.9260083873733276,0.6789053635385136,0.7398752877512577,12499.0,4,PGD,0.9
weighted avg,0.9258599361232963,0.9258340667253381,0.9109299140199022,12499.0,4,PGD,0.9
