,precision,recall,f1-score,support,fold,attack,epsilon
0.0,0.9402681147123706,0.997389973899739,0.9679870725422545,11111.0,2,PGD,0.5
1.0,0.9593267882187938,0.49279538904899134,0.6511185149928606,1388.0,2,PGD,0.5
accuracy,0.941355308424674,0.941355308424674,0.941355308424674,0.941355308424674,2,PGD,0.5
macro avg,0.9497974514655823,0.7450926814743652,0.8095527937675575,12499.0,2,PGD,0.5
weighted avg,0.9423845591340776,0.941355308424674,0.9327991728799967,12499.0,2,PGD,0.5
