,precision,recall,f1-score,support,fold,attack,epsilon
0.0,0.9498884503174876,0.9963996399639964,0.9725882973115445,11110.0,4,PGD,0.3
1.0,0.9526627218934911,0.5795536357091433,0.720680393912265,1389.0,4,PGD,0.3
accuracy,0.9500760060804865,0.9500760060804865,0.9500760060804865,0.9500760060804865,4,PGD,0.3
macro avg,0.9512755861054893,0.7879766378365698,0.8466343456119048,12499.0,4,PGD,0.3
weighted avg,0.9501967520391509,0.9500760060804865,0.9445940515461553,12499.0,4,PGD,0.3
