,precision,recall,f1-score,support,fold,attack,epsilon
0.0,0.9764487959777719,0.9963996399639964,0.986323339421749,11110.0,4,FGSM,0.8
1.0,0.9655765920826161,0.8077753779697624,0.8796550372402979,1389.0,4,FGSM,0.8
accuracy,0.9754380350428035,0.9754380350428035,0.9754380350428035,0.9754380350428035,4,FGSM,0.8
macro avg,0.971012694030194,0.9020875089668794,0.9329891883310235,12499.0,4,FGSM,0.8
weighted avg,0.9752405800236659,0.9754380350428035,0.9744694093689419,12499.0,4,FGSM,0.8
