,precision,recall,f1-score,support,fold,attack,epsilon
0.0,0.998196898665705,0.996489964899649,0.9973427014367428,11111.0,1,FGSM,0.9
1.0,0.9722814498933902,0.9855907780979827,0.9788908765652952,1388.0,1,FGSM,0.9
accuracy,0.9952796223697896,0.9952796223697896,0.9952796223697896,0.9952796223697896,1,FGSM,0.9
macro avg,0.9852391742795477,0.9910403714988159,0.988116789001019,12499.0,1,FGSM,0.9
weighted avg,0.9953190170034942,0.9952796223697896,0.9952936468786525,12499.0,1,FGSM,0.9
