,precision,recall,f1-score,support,fold,attack,epsilon
0.0,0.9356883292487113,0.996489964899649,0.9651324965132496,11111.0,1,PGD,0.5
1.0,0.9414414414414415,0.45172910662824206,0.6105160662122687,1388.0,1,PGD,0.5
accuracy,0.9359948795903672,0.9359948795903672,0.9359948795903672,0.9359948795903672,1,PGD,0.5
macro avg,0.9385648853450763,0.7241095357639455,0.7878242813627592,12499.0,1,PGD,0.5
weighted avg,0.9363272059367271,0.9359948795903672,0.9257527377119247,12499.0,1,PGD,0.5
