,precision,recall,f1-score,support,fold,attack,epsilon
0.0,0.9491264131551901,0.997389973899739,0.9726598499144249,11111.0,2,PGD,0.4
1.0,0.9647630619684082,0.5720461095100865,0.7182270465852555,1388.0,2,PGD,0.4
accuracy,0.9501560124809985,0.9501560124809985,0.9501560124809985,0.9501560124809985,2,PGD,0.4
macro avg,0.9569447375617992,0.7847180417049128,0.8454434482498402,12499.0,2,PGD,0.4
weighted avg,0.9508628455540016,0.9501560124809985,0.9444053710744468,12499.0,2,PGD,0.4
