,precision,recall,f1-score,support,fold,attack,epsilon
0.0,0.938066593239007,0.996489964899649,0.9663960897268046,11111.0,1,PGD,0.4
1.0,0.9439655172413793,0.473342939481268,0.6305182341650671,1388.0,1,PGD,0.4
accuracy,0.9383950716057284,0.9383950716057284,0.9383950716057284,0.9383950716057284,1,PGD,0.4
macro avg,0.9410160552401932,0.7349164521904585,0.7984571619459359,12499.0,1,PGD,0.4
weighted avg,0.9387216621657445,0.9383950716057284,0.92909722873635,12499.0,1,PGD,0.4
