,precision,recall,f1-score,support,fold,attack,epsilon
0.0,0.9965744162985667,0.994959949599496,0.9957665285534139,11111.0,3,FGSM,0.8
1.0,0.9601706970128022,0.9726224783861671,0.9663564781675018,1388.0,3,FGSM,0.8
accuracy,0.9924793983518682,0.9924793983518682,0.9924793983518682,0.9924793983518682,3,FGSM,0.8
macro avg,0.9783725566556845,0.9837912139928315,0.9810615033604578,12499.0,3,FGSM,0.8
weighted avg,0.9925318239016836,0.9924793983518682,0.9925005752823005,12499.0,3,FGSM,0.8
