,precision,recall,f1-score,support,fold,attack,epsilon
0.0,0.9717827004219409,0.994959949599496,0.983234757860097,11111.0,3,PGD,0.6
1.0,0.95013357079252,0.7687319884726225,0.8498606133014736,1388.0,3,PGD,0.6
accuracy,0.9698375870069605,0.9698375870069605,0.9698375870069605,0.9698375870069605,3,PGD,0.6
macro avg,0.9609581356072305,0.8818459690360592,0.9165476855807853,12499.0,3,PGD,0.6
weighted avg,0.9693785887389554,0.9698375870069605,0.9684237079643158,12499.0,3,PGD,0.6
