,precision,recall,f1-score,support,fold,attack,epsilon
0.0,0.9300957822214754,0.9963996399639964,0.9621067269250826,11110.0,4,PGD,0.4
1.0,0.932998324958124,0.4010079193664507,0.5609264853977844,1389.0,4,PGD,0.4
accuracy,0.9302344187535003,0.9302344187535003,0.9302344187535003,0.9302344187535003,4,PGD,0.4
macro avg,0.9315470535897996,0.6987037796652236,0.7615166061614336,12499.0,4,PGD,0.4
weighted avg,0.93041833857488,0.9302344187535003,0.9175240118693647,12499.0,4,PGD,0.4
