,precision,recall,f1-score,support,fold,attack,epsilon
0.0,0.9985547827657845,0.994959949599496,0.9967541249661888,11111.0,3,FGSM,0.2
1.0,0.9607843137254902,0.9884726224783862,0.9744318181818182,1388.0,3,FGSM,0.2
accuracy,0.994239539163133,0.994239539163133,0.994239539163133,0.994239539163133,3,FGSM,0.2
macro avg,0.9796695482456373,0.991716286038941,0.9855929715740035,12499.0,3,FGSM,0.2
weighted avg,0.9943604143340756,0.994239539163133,0.994275257711472,12499.0,3,FGSM,0.2
