,precision,recall,f1-score,support,fold,attack,epsilon
0.0,0.9974811083123426,0.998019801980198,0.997750382434986,11110.0,5,FGSM,0.2
1.0,0.9840925524222705,0.9798416126709864,0.9819624819624819,1389.0,5,FGSM,0.2
accuracy,0.995999679974398,0.995999679974398,0.995999679974398,0.995999679974398,5,FGSM,0.2
macro avg,0.9907868303673065,0.9889307073255922,0.989856432198734,12499.0,5,FGSM,0.2
weighted avg,0.995993252953409,0.995999679974398,0.9959958905751325,12499.0,5,FGSM,0.2
