,precision,recall,f1-score,support,fold,attack,epsilon
0.0,0.9743521946060285,0.994959949599496,0.9845482477623904,11111.0,3,PGD,0.4
1.0,0.9514310494362532,0.7903458213256485,0.863439590712318,1388.0,3,PGD,0.4
accuracy,0.9722377790223218,0.9722377790223218,0.9722377790223218,0.9722377790223218,3,PGD,0.4
macro avg,0.9628916220211409,0.8926528854625722,0.9239939192373542,12499.0,3,PGD,0.4
weighted avg,0.9718068270169695,0.9722377790223218,0.9710992665650546,12499.0,3,PGD,0.4
