,precision,recall,f1-score,support,fold,attack,epsilon
0.0,0.939709997456118,0.997389973899739,0.9676912329724066,11111.0,2,PGD,0.8
1.0,0.9589235127478754,0.4877521613832853,0.6466093600764088,1388.0,2,PGD,0.8
accuracy,0.9407952636210897,0.9407952636210897,0.9407952636210897,0.9407952636210897,2,PGD,0.8
macro avg,0.9493167551019968,0.7425710676415122,0.8071502965244077,12499.0,2,PGD,0.8
weighted avg,0.9418436368852691,0.9407952636210897,0.9320354493433447,12499.0,2,PGD,0.8
