,precision,recall,f1-score,support,fold,attack,epsilon
0.0,0.996489964899649,0.996489964899649,0.996489964899649,11111.0,1,FGSM,0.3
1.0,0.9719020172910663,0.9719020172910663,0.9719020172910663,1388.0,1,FGSM,0.3
accuracy,0.9937595007600608,0.9937595007600608,0.9937595007600608,0.9937595007600608,1,FGSM,0.3
macro avg,0.9841959910953577,0.9841959910953577,0.9841959910953577,12499.0,1,FGSM,0.3
weighted avg,0.9937595007600608,0.9937595007600608,0.9937595007600608,12499.0,1,FGSM,0.3
