,precision,recall,f1-score,support,fold,attack,epsilon
0.0,0.9347403967918954,0.996489964899649,0.9646279839693327,11111.0,1,PGD,0.8
1.0,0.9403669724770642,0.4430835734870317,0.6023506366307542,1388.0,1,PGD,0.8
accuracy,0.9350348027842227,0.9350348027842227,0.9350348027842227,0.9350348027842227,1,PGD,0.8
macro avg,0.9375536846344799,0.7197867691933404,0.7834893103000434,12499.0,1,PGD,0.8
weighted avg,0.9353652217419726,0.9350348027842227,0.9243974888812501,12499.0,1,PGD,0.8
