,precision,recall,f1-score,support,fold,attack,epsilon
0.0,0.9272133344501214,0.9963996399639964,0.9605622803592346,11110.0,4,PGD,0.6
1.0,0.9285714285714286,0.3743700503959683,0.5336069779374037,1389.0,4,PGD,0.6
accuracy,0.9272741819345548,0.9272741819345548,0.9272741819345548,0.9272741819345548,4,PGD,0.6
macro avg,0.927892381510775,0.6853848451799823,0.7470846291483192,12499.0,4,PGD,0.6
weighted avg,0.9273642579427605,0.9272741819345548,0.9131152113886031,12499.0,4,PGD,0.6
