,precision,recall,f1-score,support,fold,attack,epsilon
0.0,0.972844713946744,0.9963996399639964,0.984481301969852,11110.0,4,PGD,0.2
1.0,0.9642857142857143,0.7775377969762419,0.8609007572738143,1389.0,4,PGD,0.2
accuracy,0.9720777662212977,0.9720777662212977,0.9720777662212977,0.9720777662212977,4,PGD,0.2
macro avg,0.9685652141162291,0.8869687184701192,0.9226910296218331,12499.0,4,PGD,0.2
weighted avg,0.9718935618122396,0.9720777662212977,0.9707479331737244,12499.0,4,PGD,0.2
