,precision,recall,f1-score,support,fold,attack,epsilon
0.0,0.909038094447672,0.985779857798578,0.9458549222797927,11111.0,1,PGD,0.6
1.0,0.6488888888888888,0.21037463976945245,0.3177366702937976,1388.0,1,PGD,0.6
accuracy,0.8996719737579006,0.8996719737579006,0.8996719737579006,0.8996719737579006,1,PGD,0.6
macro avg,0.7789634916682804,0.5980772487840152,0.6317957962867952,12499.0,1,PGD,0.6
weighted avg,0.8801488155201106,0.8996719737579006,0.8761030914328002,12499.0,1,PGD,0.6
