,precision,recall,f1-score,support,fold,attack,epsilon
0.0,0.9499392677424953,0.9855085508550855,0.967397066619544,11110.0,4,FGSM,0.6
1.0,0.8345323741007195,0.5845932325413967,0.6875529212531752,1389.0,4,FGSM,0.6
accuracy,0.9409552764221137,0.9409552764221137,0.9409552764221137,0.9409552764221137,4,FGSM,0.6
macro avg,0.8922358209216074,0.785050891698241,0.8274749939363597,12499.0,4,FGSM,0.6
weighted avg,0.9371142277178192,0.9409552764221137,0.9362982972848863,12499.0,4,FGSM,0.6
