,precision,recall,f1-score,support,fold,attack,epsilon
0.0,0.9445691590398895,0.984609846098461,0.9641739743533249,11111.0,2,PGD,0.7
1.0,0.8135223555070883,0.537463976945245,0.647288503253796,1388.0,2,PGD,0.7
accuracy,0.9349547963837107,0.9349547963837107,0.9349547963837107,0.9349547963837107,2,PGD,0.7
macro avg,0.8790457572734889,0.7610369115218529,0.8057312388035605,12499.0,2,PGD,0.7
weighted avg,0.9300165577675054,0.9349547963837107,0.9289841964602018,12499.0,2,PGD,0.7
