,precision,recall,f1-score,support,fold,attack,epsilon
0.0,0.9413635972831227,0.9855085508550855,0.9629303900444132,11110.0,4,PGD,0.8
1.0,0.8145161290322581,0.5089992800575954,0.6264953478068233,1389.0,4,PGD,0.8
accuracy,0.9325546043683495,0.9325546043683495,0.9325546043683495,0.9325546043683495,4,PGD,0.8
macro avg,0.8779398631576905,0.7472539154563405,0.7947128689256182,12499.0,4,PGD,0.8
weighted avg,0.9272671788976158,0.9325546043683495,0.9255427371387397,12499.0,4,PGD,0.8
