,precision,recall,f1-score,support,fold,attack,epsilon
0.0,0.9448068669527897,0.9907290729072907,0.9672231985940246,11110.0,5,FGSM,0.4
1.0,0.8786808009422851,0.537077033837293,0.6666666666666666,1389.0,5,FGSM,0.4
accuracy,0.9403152252180175,0.9403152252180175,0.9403152252180175,0.9403152252180175,5,FGSM,0.4
macro avg,0.9117438339475374,0.7639030533722919,0.8169449326303456,12499.0,5,FGSM,0.4
weighted avg,0.9374583506163955,0.9403152252180175,0.9338226847251472,12499.0,5,FGSM,0.4
