,precision,recall,f1-score,support,fold,attack,epsilon
0.0,0.9487468563004076,0.984609846098461,0.9663457291758678,11111.0,2,FGSM,0.9
1.0,0.8233471074380165,0.5742074927953891,0.6765704584040747,1388.0,2,FGSM,0.9
accuracy,0.9390351228098248,0.9390351228098248,0.9390351228098248,0.9390351228098248,2,FGSM,0.9
macro avg,0.886046981869212,0.7794086694469251,0.8214580937899713,12499.0,2,FGSM,0.9
weighted avg,0.9348213541465553,0.9390351228098248,0.9341665087717357,12499.0,2,FGSM,0.9
