,precision,recall,f1-score,support,fold,attack,epsilon
0.0,0.951304347826087,0.984609846098461,0.967670602803945,11111.0,2,FGSM,0.8
1.0,0.8288288288288288,0.5965417867435159,0.6937578550481777,1388.0,2,FGSM,0.8
accuracy,0.941515321225698,0.941515321225698,0.941515321225698,0.941515321225698,2,FGSM,0.8
macro avg,0.8900665883274579,0.7905758164209884,0.8307142289260614,12499.0,2,FGSM,0.8
weighted avg,0.9377035781350561,0.941515321225698,0.9372528978767504,12499.0,2,FGSM,0.8
