,precision,recall,f1-score,support,fold,attack,epsilon
0.0,0.9084681413007594,0.9907290729072907,0.947817101524154,11110.0,5,PGD,0.4
1.0,0.7310704960835509,0.2015838732901368,0.3160270880361174,1389.0,5,PGD,0.4
accuracy,0.9030322425794064,0.9030322425794064,0.9030322425794064,0.9030322425794064,5,PGD,0.4
macro avg,0.8197693186921551,0.5961564730987138,0.6319220947801357,12499.0,5,PGD,0.4
weighted avg,0.8887541378439466,0.9030322425794064,0.8776069784155147,12499.0,5,PGD,0.4
