,precision,recall,f1-score,support,fold,attack,epsilon
0.0,0.9493802548322787,0.985779857798578,0.9672377251854468,11111.0,1,FGSM,0.4
1.0,0.8357588357588358,0.579250720461095,0.6842553191489362,1388.0,1,FGSM,0.4
accuracy,0.9406352508200656,0.9406352508200656,0.9406352508200656,0.9406352508200656,1,FGSM,0.4
macro avg,0.8925695452955573,0.7825152891298366,0.8257465221671916,12499.0,1,FGSM,0.4
weighted avg,0.9367627230558215,0.9406352508200656,0.9358128448287242,12499.0,1,FGSM,0.4
