,precision,recall,f1-score,support,fold,attack,epsilon
0.0,0.9583880858519492,0.984609846098461,0.9713220278788955,11111.0,2,PGD,0.3
1.0,0.8422509225092251,0.6577809798270894,0.738673139158576,1388.0,2,PGD,0.3
accuracy,0.9483158652692215,0.9483158652692215,0.9483158652692215,0.9483158652692215,2,PGD,0.3
macro avg,0.9003195041805871,0.8211954129627752,0.8549975835187358,12499.0,2,PGD,0.3
weighted avg,0.9454911834821835,0.9483158652692215,0.9454866284434366,12499.0,2,PGD,0.3
