,precision,recall,f1-score,support,fold,attack,epsilon
0.0,0.9067468489990939,0.9907290729072907,0.9468794356746527,11110.0,5,PGD,0.7
1.0,0.7138888888888889,0.18502519798416125,0.2938822184105203,1389.0,5,PGD,0.7
accuracy,0.9011920953676295,0.9011920953676295,0.9011920953676295,0.9011920953676295,5,PGD,0.7
macro avg,0.8103178689439914,0.587877135445726,0.6203808270425866,12499.0,5,PGD,0.7
weighted avg,0.8853147579043603,0.9011920953676295,0.8743125795437718,12499.0,5,PGD,0.7
