,precision,recall,f1-score,support,fold,attack,epsilon
0.0,0.9483356449375867,0.984609846098461,0.9661323795646223,11111.0,2,PGD,0.4
1.0,0.822429906542056,0.5706051873198847,0.6737558485750744,1388.0,2,PGD,0.4
accuracy,0.9386350908072646,0.9386350908072646,0.9386350908072646,0.9386350908072646,2,PGD,0.4
macro avg,0.8853827757398214,0.7776075167091729,0.8199441140698484,12499.0,2,PGD,0.4
weighted avg,0.9343539532108088,0.9386350908072646,0.9336642921165471,12499.0,2,PGD,0.4
