,precision,recall,f1-score,support,fold,attack,epsilon
0.0,0.9063735177865613,0.9907290729072907,0.9466758407155759,11110.0,5,PGD,0.8
1.0,0.7098591549295775,0.18142548596112312,0.2889908256880734,1389.0,5,PGD,0.8
accuracy,0.9007920633650692,0.9007920633650692,0.9007920633650692,0.9007920633650692,5,PGD,0.8
macro avg,0.8081163363580695,0.586077279434207,0.6178333332018247,12499.0,5,PGD,0.8
weighted avg,0.8845350947120473,0.9007920633650692,0.8735880348212481,12499.0,5,PGD,0.8
