,precision,recall,f1-score,support,fold,attack,epsilon
0.0,0.9059173062639267,0.987939879398794,0.9451524022731187,11111.0,3,PGD,1.0
1.0,0.6492146596858639,0.1786743515850144,0.280225988700565,1388.0,3,PGD,1.0
accuracy,0.8980718457476599,0.8980718457476599,0.8980718457476599,0.8980718457476599,3,PGD,1.0
macro avg,0.7775659829748953,0.5833071154919042,0.6126891954868419,12499.0,3,PGD,1.0
weighted avg,0.8774107638645068,0.8980718457476599,0.8713130661631334,12499.0,3,PGD,1.0
