,precision,recall,f1-score,support,fold,attack,epsilon
0.0,0.9513593329279945,0.985779857798578,0.9682637906647807,11111.0,1,FGSM,0.6
1.0,0.8397565922920892,0.5965417867435159,0.6975568660488627,1388.0,1,FGSM,0.6
accuracy,0.9425554044323546,0.9425554044323546,0.9425554044323546,0.9425554044323546,1,FGSM,0.6
macro avg,0.8955579626100418,0.7911608222710469,0.8329103283568218,12499.0,1,FGSM,0.6
weighted avg,0.9389659731390004,0.9425554044323546,0.9382020888192816,12499.0,1,FGSM,0.6
