,precision,recall,f1-score,support,fold,attack,epsilon
0.0,0.9501041305102395,0.9855085508550855,0.9674825483785455,11110.0,4,FGSM,0.8
1.0,0.8348717948717949,0.5860331173506119,0.688663282571912,1389.0,4,FGSM,0.8
accuracy,0.9411152892231378,0.9411152892231378,0.9411152892231378,0.9411152892231378,4,FGSM,0.8
macro avg,0.8924879626910172,0.7857708341028486,0.8280729154752288,12499.0,4,FGSM,0.8
weighted avg,0.9372984889227686,0.9411152892231378,0.9364976727720639,12499.0,4,FGSM,0.8
