,precision,recall,f1-score,support,fold,attack,epsilon
0.0,0.9718347165813174,0.9907290729072907,0.9811909431271172,11110.0,5,FGSM,0.2
1.0,0.9121909633418585,0.7703383729301656,0.8352849336455894,1389.0,5,FGSM,0.2
accuracy,0.9662372989839187,0.9662372989839187,0.9662372989839187,0.9662372989839187,5,FGSM,0.2
macro avg,0.9420128399615879,0.8805337229187282,0.9082379383863532,12499.0,5,FGSM,0.2
weighted avg,0.9652065724698198,0.9662372989839187,0.9649765702036959,12499.0,5,FGSM,0.2
