,precision,recall,f1-score,support,fold,attack,epsilon
0.0,0.9511389323595897,0.984609846098461,0.9675850174678282,11111.0,2,FGSM,0.6
1.0,0.8284854563691073,0.5951008645533141,0.6926624737945493,1388.0,2,FGSM,0.6
accuracy,0.941355308424674,0.941355308424674,0.941355308424674,0.941355308424674,2,FGSM,0.6
macro avg,0.8898121943643484,0.7898553553258876,0.8301237456311887,12499.0,2,FGSM,0.6
weighted avg,0.9375184007430772,0.941355308424674,0.9370551758310164,12499.0,2,FGSM,0.6
