,precision,recall,f1-score,support,fold,attack,epsilon
0.0,0.9609559660334414,0.987939879398794,0.9742611165350138,11111.0,3,FGSM,0.3
1.0,0.8754646840148699,0.6786743515850144,0.7646103896103896,1388.0,3,FGSM,0.3
accuracy,0.9535962877030162,0.9535962877030162,0.9535962877030162,0.9535962877030162,3,FGSM,0.3
macro avg,0.9182103250241556,0.8333071154919043,0.8694357530727017,12499.0,3,FGSM,0.3
weighted avg,0.9514622545811829,0.9535962877030162,0.9509796372989647,12499.0,3,FGSM,0.3
