,precision,recall,f1-score,support,fold,attack,epsilon
0.0,0.9439606862660574,0.9855085508550855,0.9642872869787309,11110.0,4,PGD,0.6
1.0,0.8211111111111111,0.5320374370050396,0.6456968108344255,1389.0,4,PGD,0.6
accuracy,0.9351148091847348,0.9351148091847348,0.9351148091847348,0.9351148091847348,4,PGD,0.6
macro avg,0.8825358986885843,0.7587729939300625,0.8049920489065783,12499.0,4,PGD,0.6
weighted avg,0.9303085493038828,0.9351148091847348,0.9288826809010895,12499.0,4,PGD,0.6
