,precision,recall,f1-score,support,fold,attack,epsilon
0.0,0.9500390320062451,0.985779857798578,0.9675795053003533,11111.0,1,FGSM,0.8
1.0,0.8371134020618557,0.5850144092219021,0.6887192536047498,1388.0,1,FGSM,0.8
accuracy,0.941275302024162,0.941275302024162,0.941275302024162,0.941275302024162,1,FGSM,0.8
macro avg,0.8935762170340504,0.7853971335102401,0.8281493794525516,12499.0,1,FGSM,0.8
weighted avg,0.9374987668360064,0.941275302024162,0.936612385582496,12499.0,1,FGSM,0.8
