,precision,recall,f1-score,support,fold,attack,epsilon
0.0,0.9455488331892826,0.984609846098461,0.9646840968211278,11111.0,2,PGD,0.6
1.0,0.8159311087190527,0.5461095100864554,0.6542943461372465,1388.0,2,PGD,0.6
accuracy,0.9359148731898552,0.9359148731898552,0.9359148731898552,0.9359148731898552,2,PGD,0.6
macro avg,0.8807399709541677,0.7653596780924582,0.8094892214791871,12499.0,2,PGD,0.6
weighted avg,0.9311549295518172,0.9359148731898552,0.9302156614303583,12499.0,2,PGD,0.6
