,precision,recall,f1-score,support,fold,attack,epsilon
0.0,0.9100955546323224,0.985779857798578,0.9464270284282381,11111.0,1,PGD,0.4
1.0,0.6594827586206896,0.22046109510086456,0.3304535637149028,1388.0,1,PGD,0.4
accuracy,0.9007920633650692,0.9007920633650692,0.9007920633650692,0.9007920633650692,1,PGD,0.4
macro avg,0.784789156626506,0.6031204764497213,0.6384402960715705,12499.0,1,PGD,0.4
weighted avg,0.8822652833414873,0.9007920633650692,0.8780238626532074,12499.0,1,PGD,0.4
