,precision,recall,f1-score,support,fold,attack,epsilon
0.0,0.9423722973555,0.984609846098461,0.9630281690140845,11111.0,2,PGD,0.9
1.0,0.8078651685393259,0.5180115273775217,0.6312554872695347,1388.0,2,PGD,0.9
accuracy,0.9327946235698856,0.9327946235698856,0.9327946235698856,0.9327946235698856,2,PGD,0.9
macro avg,0.8751187329474129,0.7513106867379913,0.7971418281418097,12499.0,2,PGD,0.9
weighted avg,0.9274354308224292,0.9327946235698856,0.9261851829942881,12499.0,2,PGD,0.9
