,precision,recall,f1-score,support,fold,attack,epsilon
0.0,0.9471041468271145,0.984609846098461,0.9654928955961521,11111.0,2,PGD,0.5
1.0,0.819620253164557,0.5597982708933718,0.6652397260273972,1388.0,2,PGD,0.5
accuracy,0.9374349947995839,0.9374349947995839,0.9374349947995839,0.9374349947995839,2,PGD,0.5
macro avg,0.8833621999958358,0.7722040584959164,0.8153663108117747,12499.0,2,PGD,0.5
weighted avg,0.9329472027192955,0.9374349947995839,0.9321501162248879,12499.0,2,PGD,0.5
