,precision,recall,f1-score,support,fold,attack,epsilon
0.0,0.950616212463114,0.985779857798578,0.9678787611010471,11111.0,1,PGD,0.3
1.0,0.8382804503582395,0.590057636887608,0.692600422832981,1388.0,1,PGD,0.3
accuracy,0.9418353468277462,0.9418353468277462,0.9418353468277462,0.9418353468277462,1,PGD,0.3
macro avg,0.8944483314106768,0.7879187473430931,0.830239591967014,12499.0,1,PGD,0.3
weighted avg,0.9381414514581082,0.9418353468277462,0.9373094088715828,12499.0,1,PGD,0.3
