,precision,recall,f1-score,support,fold,attack,epsilon
0.0,0.9449083240079195,0.987939879398794,0.9659450897571278,11111.0,3,FGSM,0.4
1.0,0.8480725623582767,0.5389048991354467,0.6590308370044052,1388.0,3,FGSM,0.4
accuracy,0.9380750460036803,0.9380750460036803,0.9380750460036803,0.9380750460036803,3,FGSM,0.4
macro avg,0.896490443183098,0.7634223892671204,0.8124879633807665,12499.0,3,FGSM,0.4
weighted avg,0.9341548207540827,0.9380750460036803,0.9318626045326476,12499.0,3,FGSM,0.4
