,precision,recall,f1-score,support,fold,attack,epsilon
0.0,0.9073813271477094,0.985779857798578,0.9449572944525926,11111.0,1,PGD,0.9
1.0,0.6308411214953271,0.19452449567723343,0.2973568281938326,1388.0,1,PGD,0.9
accuracy,0.8979118329466357,0.8979118329466357,0.8979118329466357,0.8979118329466357,1,PGD,0.9
macro avg,0.7691112243215182,0.5901521767379058,0.6211570613232126,12499.0,1,PGD,0.9
weighted avg,0.8766718459535734,0.8979118329466357,0.8730419854545,12499.0,1,PGD,0.9
