,precision,recall,f1-score,support,fold,attack,epsilon
0.0,0.9972777621327326,0.9562556255625563,0.9763359830905666,11110.0,4,FGSM,0.2
1.0,0.7367280606717227,0.9791216702663786,0.8408037094281299,1389.0,4,FGSM,0.2
accuracy,0.9587967037362989,0.9587967037362989,0.9587967037362989,0.9587967037362989,4,FGSM,0.2
macro avg,0.8670029114022276,0.9676886479144675,0.9085698462593482,12499.0,4,FGSM,0.2
weighted avg,0.9683231629384496,0.9587967037362989,0.9612744319171028,12499.0,4,FGSM,0.2
