,precision,recall,f1-score,support,fold,attack,epsilon
0.0,0.981041781704399,0.959409594095941,0.9701051098876098,11111.0,1,PGD,0.4
1.0,0.7238211879975506,0.8515850144092219,0.7825223435948362,1388.0,1,PGD,0.4
accuracy,0.9474357948635891,0.9474357948635891,0.9474357948635891,0.9474357948635891,1,PGD,0.4
macro avg,0.8524314848509749,0.9054973042525813,0.876313726741223,12499.0,1,PGD,0.4
weighted avg,0.9524777218544027,0.9474357948635891,0.9492742530499132,12499.0,1,PGD,0.4
