,precision,recall,f1-score,support,fold,attack,epsilon
0.0,0.9928044108027287,0.9562556255625563,0.9741873366649856,11110.0,4,FGSM,0.8
1.0,0.7296996662958843,0.9445644348452124,0.8233448384060245,1389.0,4,FGSM,0.8
accuracy,0.9549563965117209,0.9549563965117209,0.9549563965117209,0.9549563965117209,4,FGSM,0.8
macro avg,0.8612520385493065,0.9504100302038843,0.898766087535505,12499.0,4,FGSM,0.8
weighted avg,0.9635658725100648,0.9549563965117209,0.9574243772216944,12499.0,4,FGSM,0.8
