,precision,recall,f1-score,support,fold,attack,epsilon
0.0,0.9913415883064891,0.958329583295833,0.9745561047043749,11111.0,3,PGD,0.5
1.0,0.7366325369738339,0.9329971181556196,0.8232676414494596,1388.0,3,PGD,0.5
accuracy,0.9555164413153052,0.9555164413153052,0.9555164413153052,0.9555164413153052,3,PGD,0.5
macro avg,0.8639870626401616,0.9456633507257263,0.8989118730769172,12499.0,3,PGD,0.5
weighted avg,0.9630564324340414,0.9555164413153052,0.9577556897113497,12499.0,3,PGD,0.5
