,precision,recall,f1-score,support,fold,attack,epsilon
0.0,0.9837578442229605,0.959409594095941,0.9714311751036588,11111.0,1,FGSM,0.7
1.0,0.7288033674082982,0.8731988472622478,0.7944936086529006,1388.0,1,FGSM,0.7
accuracy,0.9498359868789503,0.9498359868789503,0.9498359868789503,0.9498359868789503,1,FGSM,0.7
macro avg,0.8562806058156294,0.9163042206790943,0.8829623918782797,12499.0,1,FGSM,0.7
weighted avg,0.9554454341246525,0.9498359868789503,0.9517824558274245,12499.0,1,FGSM,0.7
