,precision,recall,f1-score,support,fold,attack,epsilon
0.0,0.9953314659197012,0.959409594095941,0.9770404656065258,11111.0,1,PGD,0.2
1.0,0.747903856903298,0.9639769452449568,0.842304060434372,1388.0,1,PGD,0.2
accuracy,0.9599167933434675,0.9599167933434675,0.9599167933434675,0.9599167933434675,1,PGD,0.2
macro avg,0.8716176614114997,0.9616932696704489,0.9096722630204489,12499.0,1,PGD,0.2
weighted avg,0.9678549060897336,0.9599167933434675,0.9620781381900165,12499.0,1,PGD,0.2
