,precision,recall,f1-score,support,fold,attack,epsilon
0.0,0.9900861669600667,0.9617496174961749,0.9757121986851717,11111.0,2,FGSM,0.6
1.0,0.7508792497069168,0.9229106628242075,0.8280542986425339,1388.0,2,FGSM,0.6
accuracy,0.9574365949275943,0.9574365949275943,0.9574365949275943,0.9574365949275943,2,FGSM,0.6
macro avg,0.8704827083334917,0.9423301401601912,0.9018832486638528,12499.0,2,FGSM,0.6
weighted avg,0.9635225057753821,0.9574365949275943,0.9593149536848371,12499.0,2,FGSM,0.6
