,precision,recall,f1-score,support,fold,attack,epsilon
0.0,0.983706158519746,0.9617496174961749,0.972603986529535,11111.0,2,FGSM,0.8
1.0,0.7402200488997555,0.872478386167147,0.8009259259259259,1388.0,2,FGSM,0.8
accuracy,0.9518361468917513,0.9518361468917513,0.9518361468917513,0.9518361468917513,2,FGSM,0.8
macro avg,0.8619631037097507,0.917114001831661,0.8867649562277304,12499.0,2,FGSM,0.8
weighted avg,0.9566672977986845,0.9518361468917513,0.9535393295075485,12499.0,2,FGSM,0.8
