,precision,recall,f1-score,support,fold,attack,epsilon
0.0,0.9860662544984774,0.9617496174961749,0.9737561509021323,11111.0,2,PGD,0.4
1.0,0.7442839951865222,0.8912103746397695,0.8111475409836065,1388.0,2,PGD,0.4
accuracy,0.9539163133050644,0.9539163133050644,0.9539163133050644,0.9539163133050644,2,PGD,0.4
macro avg,0.8651751248424998,0.9264799960679722,0.8924518459428694,12499.0,2,PGD,0.4
weighted avg,0.9592166044524743,0.9539163133050644,0.9556986462564075,12499.0,2,PGD,0.4
