,precision,recall,f1-score,support,fold,attack,epsilon
0.0,0.9854297307266692,0.9617496174961749,0.9734456843543612,11111.0,2,PGD,0.5
1.0,0.743202416918429,0.8861671469740634,0.8084127505750903,1388.0,2,PGD,0.5
accuracy,0.9533562685014801,0.9533562685014801,0.9533562685014801,0.9533562685014801,2,PGD,0.5
macro avg,0.864316073822549,0.9239583822351192,0.8909292174647258,12499.0,2,PGD,0.5
weighted avg,0.9585306578755741,0.9533562685014801,0.9551189612496627,12499.0,2,PGD,0.5
