,precision,recall,f1-score,support,fold,attack,epsilon
0.0,0.9984060009376465,0.958329583295833,0.9779573842762674,11111.0,3,FGSM,0.2
1.0,0.747546346782988,0.9877521613832853,0.851024208566108,1388.0,3,FGSM,0.2
accuracy,0.9615969277542203,0.9615969277542203,0.9615969277542203,0.9615969277542203,3,FGSM,0.2
macro avg,0.8729761738603172,0.9730408723395592,0.9144907964211877,12499.0,3,FGSM,0.2
weighted avg,0.9705483163255443,0.9615969277542203,0.9638615967824119,12499.0,3,FGSM,0.2
