,precision,recall,f1-score,support,fold,attack,epsilon
0.0,0.9847032805012901,0.9617496174961749,0.9730911077721622,11111.0,2,PGD,0.6
1.0,0.7419550698239222,0.8804034582132565,0.8052718286655683,1388.0,2,PGD,0.6
accuracy,0.9527162172973838,0.9527162172973838,0.9527162172973838,0.9527162172973838,2,PGD,0.6
macro avg,0.8633291751626062,0.9210765378547157,0.8891814682188652,12499.0,2,PGD,0.6
weighted avg,0.9577463626342457,0.9527162172973838,0.9544549641286745,12499.0,2,PGD,0.6
