,precision,recall,f1-score,support,fold,attack,epsilon
0.0,0.9955955393121544,0.9562556255625563,0.9755291308938984,11110.0,4,PGD,0.2
1.0,0.7341356673960613,0.9661627069834413,0.8343176872862915,1389.0,4,PGD,0.2
accuracy,0.9573565885270822,0.9573565885270822,0.9573565885270822,0.9573565885270822,4,PGD,0.2
macro avg,0.8648656033541078,0.9612091662729988,0.9049234090900949,12499.0,4,PGD,0.2
weighted avg,0.9665397938852041,0.9573565885270822,0.9598364598665389,12499.0,4,PGD,0.2
