,precision,recall,f1-score,support,fold,attack,epsilon
0.0,0.9803200294279933,0.959409594095941,0.969752103707073,11111.0,1,FGSM,0.8
1.0,0.7224615384615385,0.845821325648415,0.7792897444407567,1388.0,1,FGSM,0.8
accuracy,0.9467957436594927,0.9467957436594927,0.9467957436594927,0.9467957436594927,1,FGSM,0.8
macro avg,0.8513907839447659,0.902615459872178,0.8745209240739149,12499.0,1,FGSM,0.8
weighted avg,0.951685131799268,0.9467957436594927,0.9486014712835472,12499.0,1,FGSM,0.8
