,precision,recall,f1-score,support,fold,attack,epsilon
0.0,0.9978373295721674,0.9551755175517552,0.9760404690733502,11110.0,5,FGSM,0.1
1.0,0.7328326180257511,0.9834413246940245,0.839840147556102,1389.0,5,FGSM,0.1
accuracy,0.9583166653332267,0.9583166653332267,0.9583166653332267,0.9583166653332267,5,FGSM,0.1
macro avg,0.8653349737989593,0.9693084211228898,0.9079403083147262,12499.0,5,FGSM,0.1
weighted avg,0.968387650050768,0.9583166653332267,0.9609046784831063,12499.0,5,FGSM,0.1
