,precision,recall,f1-score,support,fold,attack,epsilon
0.0,0.9800496460421072,0.959409594095941,0.9696197926141532,11111.0,1,PGD,0.5
1.0,0.7219482120838471,0.8436599423631124,0.7780730897009966,1388.0,1,PGD,0.5
accuracy,0.9465557244579567,0.9465557244579567,0.9465557244579567,0.9465557244579567,1,PGD,0.5
macro avg,0.8509989290629771,0.9015347682295267,0.8738464411575749,12499.0,1,PGD,0.5
weighted avg,0.951387769865288,0.9465557244579567,0.9483487450388703,12499.0,1,PGD,0.5
