,precision,recall,f1-score,support,fold,attack,epsilon
0.0,0.9969138688861873,0.959409594095941,0.9778022381214456,11111.0,1,PGD,0.1
1.0,0.7502768549280178,0.9762247838616714,0.8484658735128365,1388.0,1,PGD,0.1
accuracy,0.9612769021521722,0.9612769021521722,0.9612769021521722,0.9612769021521722,1,PGD,0.1
macro avg,0.8735953619071025,0.9678171889788062,0.913134055817141,12499.0,1,PGD,0.1
weighted avg,0.9695251037550615,0.9612769021521722,0.9634395791825905,12499.0,1,PGD,0.1
