,precision,recall,f1-score,support,fold,attack,epsilon
0.0,0.9844674556213018,0.958329583295833,0.9712226934829206,11111.0,3,FGSM,0.8
1.0,0.7248960190136661,0.8789625360230547,0.7945294692282644,1388.0,3,FGSM,0.8
accuracy,0.9495159612769022,0.9495159612769022,0.9495159612769022,0.9495159612769022,3,FGSM,0.8
macro avg,0.854681737317484,0.9186460596594439,0.8828760813555925,12499.0,3,FGSM,0.8
weighted avg,0.9556423372909235,0.9495159612769022,0.9516011081348557,12499.0,3,FGSM,0.8
