,precision,recall,f1-score,support,fold,attack,epsilon
0.0,0.9867947178871549,0.9617496174961749,0.9741112123974476,11111.0,2,FGSM,0.7
1.0,0.7455089820359282,0.8969740634005764,0.8142576847612819,1388.0,2,FGSM,0.7
accuracy,0.9545563645091607,0.9545563645091607,0.9545563645091607,0.9545563645091607,2,FGSM,0.7
macro avg,0.8661518499615415,0.9293618404483757,0.8941844485793647,12499.0,2,FGSM,0.7
weighted avg,0.9600002062173011,0.9545563645091607,0.9563596565642611,12499.0,2,FGSM,0.7
