,precision,recall,f1-score,support,fold,attack,epsilon
0.0,0.9978522737884022,0.9617496174961749,0.9794683776351971,11111.0,2,FGSM,0.2
1.0,0.7625698324022346,0.9834293948126801,0.8590308370044053,1388.0,2,FGSM,0.2
accuracy,0.9641571325706056,0.9641571325706056,0.9641571325706056,0.9641571325706056,2,FGSM,0.2
macro avg,0.8802110530953184,0.9725895061544275,0.9192496073198012,12499.0,2,FGSM,0.2
weighted avg,0.9717244212686806,0.9641571325706056,0.9660939231671964,12499.0,2,FGSM,0.2
