,precision,recall,f1-score,support,fold,attack,epsilon
0.0,0.9837967225188732,0.9617496174961749,0.9726482501251535,11111.0,2,PGD,0.9
1.0,0.7403787416004887,0.8731988472622478,0.8013223140495868,1388.0,2,PGD,0.9
accuracy,0.9519161532922634,0.9519161532922634,0.9519161532922634,0.9519161532922634,2,PGD,0.9
macro avg,0.8620877320596809,0.9174742323792113,0.8869852820873702,12499.0,2,PGD,0.9
weighted avg,0.9567654274140874,0.9519161532922634,0.9536226961390036,12499.0,2,PGD,0.9
