Fold,Tempo (s)
1,123.94441413879395
2,118.98217749595642
3,120.27764129638672
4,122.68859672546387
5,123.98189640045166
Total,609.8747260570526
