,precision,recall,f1-score,support,fold,attack,epsilon
0.0,0.911634029948988,0.997209972099721,0.9525037610143993,11111.0,2,FGSM,0.4
1.0,0.9101449275362319,0.22622478386167147,0.36237738026543564,1388.0,2,FGSM,0.4
accuracy,0.9115929274341947,0.9115929274341947,0.9115929274341947,0.9115929274341947,2,FGSM,0.4
macro avg,0.91088947874261,0.6117173779806963,0.6574405706399175,12499.0,2,FGSM,0.4
weighted avg,0.9114686667880227,0.9115929274341947,0.8869708850659584,12499.0,2,FGSM,0.4
