,precision,recall,f1-score,support,fold,attack,epsilon
0.0,0.8950642216657242,0.997209972099721,0.9433801617709664,11111.0,2,PGD,0.7
1.0,0.7416666666666667,0.06412103746397695,0.11803713527851459,1388.0,2,PGD,0.7
accuracy,0.8935914873189855,0.8935914873189855,0.8935914873189855,0.8935914873189855,2,PGD,0.7
macro avg,0.8183654441661954,0.5306655047818489,0.5307086485247405,12499.0,2,PGD,0.7
weighted avg,0.8780295943884465,0.8935914873189855,0.8517267398354896,12499.0,2,PGD,0.7
