,precision,recall,f1-score,support,fold,attack,epsilon
0.0,0.954349698535745,0.997209972099721,0.9753091853351525,11111.0,2,PGD,0.2
1.0,0.9651293588301463,0.6181556195965417,0.7536231884057971,1388.0,2,PGD,0.2
accuracy,0.955116409312745,0.955116409312745,0.955116409312745,0.955116409312745,2,PGD,0.2
macro avg,0.9597395286829457,0.8076827958481314,0.8644661868704748,12499.0,2,PGD,0.2
weighted avg,0.955546767780375,0.955116409312745,0.9506912027975138,12499.0,2,PGD,0.2
