,precision,recall,f1-score,support,fold,attack,epsilon
0.0,0.8934247680516337,0.996669966699667,0.9422275163787969,11111.0,1,PGD,0.7
1.0,0.6442307692307693,0.048270893371757925,0.08981233243967829,1388.0,1,PGD,0.7
accuracy,0.8913513081046484,0.8913513081046484,0.8913513081046484,0.8913513081046484,1,PGD,0.7
macro avg,0.7688277686412015,0.5224704300357125,0.5160199244092376,12499.0,1,PGD,0.7
weighted avg,0.8657520526053293,0.8913513081046484,0.8475677615738126,12499.0,1,PGD,0.7
