,precision,recall,f1-score,support,fold,attack,epsilon
0.0,0.8909750201450444,0.9952295229522953,0.9402210884353741,11110.0,4,FGSM,0.8
1.0,0.4044943820224719,0.02591792656587473,0.04871447902571042,1389.0,4,FGSM,0.8
accuracy,0.8875110008800704,0.8875110008800704,0.8875110008800704,0.8875110008800704,4,FGSM,0.8
macro avg,0.6477347010837582,0.510573724759085,0.4944677837305423,12499.0,4,FGSM,0.8
weighted avg,0.8369129666725863,0.8875110008800704,0.8411489482265556,12499.0,4,FGSM,0.8
