,precision,recall,f1-score,support,fold,attack,epsilon
0.0,0.9041476159372959,0.996669966699667,0.948157027270003,11111.0,1,PGD,0.3
1.0,0.852589641434263,0.15417867435158503,0.2611348383160464,1388.0,1,PGD,0.3
accuracy,0.9031122489799184,0.9031122489799184,0.9031122489799184,0.9031122489799184,1,PGD,0.3
macro avg,0.8783686286857795,0.575424320525626,0.6046459327930247,12499.0,1,PGD,0.3
weighted avg,0.898422160412037,0.9031122489799184,0.8718639799647713,12499.0,1,PGD,0.3
