,precision,recall,f1-score,support,fold,attack,epsilon
0.0,0.8976250303963687,0.996669966699667,0.9445581712726032,11111.0,1,FGSM,0.8
1.0,0.7716049382716049,0.09005763688760807,0.16129032258064516,1388.0,1,FGSM,0.8
accuracy,0.8959916793343468,0.8959916793343468,0.8959916793343468,0.8959916793343468,1,FGSM,0.8
macro avg,0.8346149843339867,0.5433638017936375,0.5529242469266242,12499.0,1,FGSM,0.8
weighted avg,0.8836306398155884,0.8959916793343468,0.8575771508722162,12499.0,1,FGSM,0.8
