,precision,recall,f1-score,support,fold,attack,epsilon
0.0,0.8952350133484346,0.996039603960396,0.9429508755485493,11110.0,5,PGD,0.5
1.0,0.6811594202898551,0.06767458603311735,0.12311722331368696,1389.0,5,PGD,0.5
accuracy,0.8928714297143772,0.8928714297143772,0.8928714297143772,0.8928714297143772,5,PGD,0.5
macro avg,0.7881972168191449,0.5318570949967567,0.5330340494311181,12499.0,5,PGD,0.5
weighted avg,0.8714450302491173,0.8928714297143772,0.8518436715358902,12499.0,5,PGD,0.5
