,precision,recall,f1-score,support,fold,attack,epsilon
0.0,0.8942175495349778,0.9952295229522953,0.9420234291799787,11110.0,4,PGD,0.6
1.0,0.6044776119402985,0.058315334773218146,0.10636900853578464,1389.0,4,PGD,0.6
accuracy,0.8911112889031122,0.8911112889031122,0.8911112889031122,0.8911112889031122,4,PGD,0.6
macro avg,0.7493475807376382,0.5267724288627567,0.5241962188578817,12499.0,4,PGD,0.6
weighted avg,0.8620190717912375,0.8911112889031122,0.8491580807301199,12499.0,4,PGD,0.6
