,precision,recall,f1-score,support,fold,attack,epsilon
0.0,0.8974130240856378,0.996039603960396,0.9441576724542469,11110.0,5,FGSM,0.8
1.0,0.7380952380952381,0.0892728581713463,0.15928066795118817,1389.0,5,FGSM,0.8
accuracy,0.8952716217297384,0.8952716217297384,0.8952716217297384,0.8952716217297384,5,FGSM,0.8
macro avg,0.8177541310904379,0.5426562310658711,0.5517191702027175,12499.0,5,FGSM,0.8
weighted avg,0.8797082153216835,0.8952716217297384,0.8569351619130238,12499.0,5,FGSM,0.8
