,precision,recall,f1-score,support,fold,attack,epsilon
0.0,0.9611380985426787,0.997209972099721,0.9788418216352313,11111.0,2,FGSM,0.2
1.0,0.9680741503604532,0.6772334293948127,0.7969478592623993,1388.0,2,FGSM,0.2
accuracy,0.9616769341547324,0.9616769341547324,0.9616769341547324,0.9616769341547324,2,FGSM,0.2
macro avg,0.964606124451566,0.8372217007472669,0.8878948404488153,12499.0,2,FGSM,0.2
weighted avg,0.9619083393557896,0.9616769341547324,0.958642700123631,12499.0,2,FGSM,0.2
