,precision,recall,f1-score,support,fold,attack,epsilon
0.0,0.9068378864714542,0.997839978399784,0.9501649740755024,11111.0,3,FGSM,0.6
1.0,0.9120879120879121,0.17939481268011528,0.29981938591210117,1388.0,3,FGSM,0.6
accuracy,0.9069525562044963,0.9069525562044963,0.9069525562044963,0.9069525562044963,3,FGSM,0.6
macro avg,0.9094628992796832,0.5886173955399496,0.6249921799938017,12499.0,3,FGSM,0.6
weighted avg,0.9074208959566645,0.9069525562044963,0.8779448223537005,12499.0,3,FGSM,0.6
