,precision,recall,f1-score,support,fold,attack,epsilon
0.0,0.8970433373835561,0.996669966699667,0.9442360163710778,11111.0,1,FGSM,0.7
1.0,0.7597402597402597,0.08429394812680115,0.1517509727626459,1388.0,1,FGSM,0.7
accuracy,0.8953516281302504,0.8953516281302504,0.8953516281302504,0.8953516281302504,1,FGSM,0.7
macro avg,0.8283917985619079,0.5404819574132341,0.5479934945668619,12499.0,1,FGSM,0.7
weighted avg,0.8817959838537621,0.8953516281302504,0.8562314367624289,12499.0,1,FGSM,0.7
