,precision,recall,f1-score,support,fold,attack,epsilon
0.0,0.90257412838058,0.997209972099721,0.9475349553170564,11111.0,2,FGSM,0.5
1.0,0.8609865470852018,0.138328530259366,0.2383612662942272,1388.0,2,FGSM,0.5
accuracy,0.9018321465717257,0.9018321465717257,0.9018321465717257,0.9018321465717257,2,FGSM,0.5
macro avg,0.881780337732891,0.5677692511795435,0.5929481108056418,12499.0,2,FGSM,0.5
weighted avg,0.8979558738931822,0.9018321465717257,0.8687820086522283,12499.0,2,FGSM,0.5
