,precision,recall,f1-score,support,fold,attack,epsilon
0.0,0.8991889699918897,0.997839978399784,0.9459494048888699,11111.0,3,PGD,0.7
1.0,0.8579881656804734,0.10446685878962536,0.18625561978163135,1388.0,3,PGD,0.7
accuracy,0.8986318905512442,0.8986318905512442,0.8986318905512442,0.8986318905512442,3,PGD,0.7
macro avg,0.8785885678361816,0.5511534185947047,0.5661025123352507,12499.0,3,PGD,0.7
weighted avg,0.8946136666568831,0.8986318905512442,0.861586257938806,12499.0,3,PGD,0.7
