,precision,recall,f1-score,support,fold,attack,epsilon
0.0,0.8939332740932224,0.996039603960396,0.9422282770658607,11110.0,5,PGD,0.6
1.0,0.6333333333333333,0.054715622750179986,0.10072895957587806,1389.0,5,PGD,0.6
accuracy,0.8914313145051604,0.8914313145051604,0.8914313145051604,0.8914313145051604,5,PGD,0.6
macro avg,0.7636333037132779,0.525377613355288,0.5214786183208694,12499.0,5,PGD,0.6
weighted avg,0.864973091861405,0.8914313145051604,0.8487133917155457,12499.0,5,PGD,0.6
