,precision,recall,f1-score,support,fold,attack,epsilon
0.0,0.969312816926036,0.997839978399784,0.9833695507561311,11111.0,3,FGSM,0.2
1.0,0.9773798303487277,0.7471181556195965,0.8468762760310331,1388.0,3,FGSM,0.2
accuracy,0.9699975998079846,0.9699975998079846,0.9699975998079846,0.9699975998079846,3,FGSM,0.2
macro avg,0.9733463236373818,0.8724790670096902,0.9151229133935821,12499.0,3,FGSM,0.2
weighted avg,0.9702086497631186,0.9699975998079846,0.9682121249365907,12499.0,3,FGSM,0.2
