,precision,recall,f1-score,support,fold,attack,epsilon
0.0,0.9017915309446254,0.996669966699667,0.9468599033816425,11111.0,1,FGSM,0.4
1.0,0.8310502283105022,0.13112391930835735,0.2265090230242688,1388.0,1,FGSM,0.4
accuracy,0.9005520441635331,0.9005520441635331,0.9005520441635331,0.9005520441635331,1,FGSM,0.4
macro avg,0.8664208796275639,0.5638969430040122,0.5866844632029556,12499.0,1,FGSM,0.4
weighted avg,0.8939357882407161,0.9005520441635331,0.8668657420938567,12499.0,1,FGSM,0.4
