,precision,recall,f1-score,support,fold,attack,epsilon
0.0,0.8944139489828866,0.997209972099721,0.9430188518660368,11111.0,2,PGD,0.8
1.0,0.7207207207207207,0.05763688760806916,0.1067378252168112,1388.0,2,PGD,0.8
accuracy,0.8928714297143772,0.8928714297143772,0.8928714297143772,0.8928714297143772,2,PGD,0.8
macro avg,0.8075673348518037,0.527423429853895,0.5248783385414241,12499.0,2,PGD,0.8
weighted avg,0.8751255098415245,0.8928714297143772,0.8501507772209352,12499.0,2,PGD,0.8
