,precision,recall,f1-score,support,fold,attack,epsilon
0.0,0.8911186331399097,0.9952295229522953,0.9403010460073136,11110.0,4,FGSM,0.7
1.0,0.4175824175824176,0.027357811375089993,0.051351351351351354,1389.0,4,FGSM,0.7
accuracy,0.8876710136810945,0.8876710136810945,0.8876710136810945,0.8876710136810945,4,FGSM,0.7
macro avg,0.6543505253611637,0.5112936671636926,0.4958261986793325,12499.0,4,FGSM,0.7
weighted avg,0.8384950789828286,0.8876710136810945,0.8415130528976943,12499.0,4,FGSM,0.7
