,precision,recall,f1-score,support,fold,attack,epsilon
0.0,0.8967303334412431,0.997209972099721,0.9443047683981761,11111.0,2,FGSM,0.6
1.0,0.7832167832167832,0.08069164265129683,0.14630960156760286,1388.0,2,FGSM,0.6
accuracy,0.8954316345307625,0.8954316345307625,0.8954316345307625,0.8954316345307625,2,FGSM,0.6
macro avg,0.8399735583290131,0.5389508073755089,0.5453071849828894,12499.0,2,FGSM,0.6
weighted avg,0.8841247803800742,0.8954316345307625,0.8556882957554979,12499.0,2,FGSM,0.6
