,precision,recall,f1-score,support,fold,attack,epsilon
0.0,0.8913341394598953,0.9952295229522953,0.9404210078673187,11110.0,4,FGSM,0.9
1.0,0.43617021276595747,0.029517638588912886,0.05529332434254889,1389.0,4,FGSM,0.9
accuracy,0.8879110328826306,0.8879110328826306,0.8879110328826306,0.8879110328826306,4,FGSM,0.9
macro avg,0.6637521761129264,0.5123735807706041,0.4978571661049338,12499.0,4,FGSM,0.9
weighted avg,0.8407522773766982,0.8879110328826306,0.8420577506134661,12499.0,4,FGSM,0.9
