,precision,recall,f1-score,support,fold,attack,epsilon
0.0,0.8934042896307047,0.997209972099721,0.9424573640113979,11111.0,2,FGSM,0.8
1.0,0.6804123711340206,0.04755043227665706,0.08888888888888889,1388.0,2,FGSM,0.8
accuracy,0.8917513401072086,0.8917513401072086,0.8917513401072086,0.8917513401072086,2,FGSM,0.8
macro avg,0.7869083303823627,0.522380202188189,0.5156731264501434,12499.0,2,FGSM,0.8
weighted avg,0.8697517747996465,0.8917513401072086,0.8476695375076742,12499.0,2,FGSM,0.8
