,precision,recall,f1-score,support,fold,attack,epsilon
0.0,0.898023651385064,0.997839978399784,0.9453041735942362,11111.0,3,PGD,0.8
1.0,0.8431372549019608,0.09293948126801153,0.1674237508111616,1388.0,3,PGD,0.8
accuracy,0.8973517881430515,0.8973517881430515,0.8973517881430515,0.8973517881430515,3,PGD,0.8
macro avg,0.8705804531435124,0.5453897298338978,0.5563639622026989,12499.0,3,PGD,0.8
weighted avg,0.8919285783137344,0.8973517881430515,0.8589214208281823,12499.0,3,PGD,0.8
