,precision,recall,f1-score,support,fold,attack,epsilon
0.0,0.9615919360444908,0.996039603960396,0.9785126890087541,11110.0,5,PGD,0.2
1.0,0.9556004036326943,0.681785457163427,0.795798319327731,1389.0,5,PGD,0.2
accuracy,0.9611168893511481,0.9611168893511481,0.9611168893511481,0.9611168893511481,5,PGD,0.2
macro avg,0.9585961698385925,0.8389125305619115,0.8871555041682426,12499.0,5,PGD,0.2
weighted avg,0.9609261036963042,0.9611168893511481,0.958207843862187,12499.0,5,PGD,0.2
