,precision,recall,f1-score,support,fold,attack,epsilon
0.0,0.8965377442633584,0.9952295229522953,0.9433093034167982,11110.0,4,PGD,0.4
1.0,0.6807228915662651,0.08135349172066235,0.14533762057877814,1389.0,4,PGD,0.4
accuracy,0.8936714937194976,0.8936714937194976,0.8936714937194976,0.8936714937194976,4,PGD,0.4
macro avg,0.7886303179148118,0.5382915073364788,0.5443234619977881,12499.0,4,PGD,0.4
weighted avg,0.87255447917045,0.8936714937194976,0.8546315958032283,12499.0,4,PGD,0.4
