,precision,recall,f1-score,support,fold,attack,epsilon
0.0,0.8934968533161207,0.996669966699667,0.9422676026377367,11111.0,1,PGD,0.8
1.0,0.6476190476190476,0.04899135446685879,0.09109176155391828,1388.0,1,PGD,0.8
accuracy,0.8914313145051604,0.8914313145051604,0.8914313145051604,0.8914313145051604,1,PGD,0.8
macro avg,0.7705579504675841,0.5228306605832629,0.5166796820958275,12499.0,1,PGD,0.8
weighted avg,0.8661923974150456,0.8914313145051604,0.8477454754736163,12499.0,1,PGD,0.8
