,precision,recall,f1-score,support,fold,attack,epsilon
0.0,0.8939809585283202,0.997209972099721,0.942778132312274,11111.0,2,FGSM,0.7
1.0,0.7047619047619048,0.053314121037463975,0.09912926992632284,1388.0,2,FGSM,0.7
accuracy,0.8923913913113048,0.8923913913113048,0.8923913913113048,0.8923913913113048,2,FGSM,0.7
macro avg,0.7993714316451125,0.5252620465685924,0.5209537011192984,12499.0,2,FGSM,0.7
weighted avg,0.8729683937929187,0.8923913913113048,0.8490918677317716,12499.0,2,FGSM,0.7
