,precision,recall,f1-score,support,fold,attack,epsilon
0.0,0.8933559376765964,0.996039603960396,0.9419074775503256,11110.0,5,PGD,0.7
1.0,0.6071428571428571,0.04895608351331893,0.09060626249167222,1389.0,5,PGD,0.7
accuracy,0.8907912633010641,0.8907912633010641,0.8907912633010641,0.8907912633010641,5,PGD,0.7
macro avg,0.7502493974097267,0.5224978437368575,0.5162568700209988,12499.0,5,PGD,0.7
weighted avg,0.8615493956443248,0.8907912633010641,0.84730331820026,12499.0,5,PGD,0.7
