,precision,recall,f1-score,support,fold,attack,epsilon
0.0,0.8985718922427783,0.996669966699667,0.9450821420951568,11111.0,1,FGSM,0.6
1.0,0.7885714285714286,0.0994236311239193,0.1765834932821497,1388.0,1,FGSM,0.6
accuracy,0.8970317625410033,0.8970317625410033,0.8970317625410033,0.8970317625410033,1,FGSM,0.6
macro avg,0.8435716604071035,0.5480467989117932,0.5608328176886532,12499.0,1,FGSM,0.6
weighted avg,0.886356463522414,0.8970317625410033,0.8597412248575815,12499.0,1,FGSM,0.6
