,precision,recall,f1-score,support,fold,attack,epsilon
0.0,0.8930442492141533,0.997209972099721,0.9422569946424015,11111.0,2,FGSM,0.9
1.0,0.6630434782608695,0.04394812680115274,0.08243243243243244,1388.0,2,FGSM,0.9
accuracy,0.8913513081046484,0.8913513081046484,0.8913513081046484,0.8913513081046484,2,FGSM,0.9
macro avg,0.7780438637375113,0.5205790494504369,0.512344713537417,12499.0,2,FGSM,0.9
weighted avg,0.8675029203011875,0.8913513081046484,0.8467744366499671,12499.0,2,FGSM,0.9
