,precision,recall,f1-score,support,fold,attack,epsilon
0.0,0.9598682499783305,0.996669966699667,0.977922995407983,11111.0,1,FGSM,0.2
1.0,0.9615384615384616,0.6664265129682997,0.7872340425531915,1388.0,1,FGSM,0.2
accuracy,0.9599967997439796,0.9599967997439796,0.9599967997439796,0.9599967997439796,1,FGSM,0.2
macro avg,0.960703355758396,0.8315482398339833,0.8825785189805873,12499.0,1,FGSM,0.2
weighted avg,0.9600537251079778,0.9599967997439796,0.9567472000193558,12499.0,1,FGSM,0.2
