,precision,recall,f1-score,support,fold,attack,epsilon
0.0,0.9469041705917616,0.9952295229522953,0.9704656163602053,11110.0,4,PGD,0.2
1.0,0.9355231143552312,0.5536357091432685,0.6956128448665763,1389.0,4,PGD,0.2
accuracy,0.9461556924553964,0.9461556924553964,0.9461556924553964,0.9461556924553964,4,PGD,0.2
macro avg,0.9412136424734964,0.7744326160477819,0.8330392306133908,12499.0,4,PGD,0.2
weighted avg,0.9456394064416264,0.9461556924553964,0.9399215328651536,12499.0,4,PGD,0.2
