,precision,recall,f1-score,support,fold,attack,epsilon
0.0,0.893856103476152,0.9952295229522953,0.9418228279386712,11110.0,4,PGD,0.7
1.0,0.5891472868217055,0.054715622750179986,0.10013175230566534,1389.0,4,PGD,0.7
accuracy,0.8907112569005521,0.8907112569005521,0.8907112569005521,0.8907112569005521,4,PGD,0.7
macro avg,0.7415016951489287,0.5249725728512377,0.5209772901221683,12499.0,4,PGD,0.7
weighted avg,0.8599941508132969,0.8907112569005521,0.8482866327187141,12499.0,4,PGD,0.7
