,precision,recall,f1-score,support,fold,attack,epsilon
0.0,0.8929954809554551,0.996039603960396,0.9417070887584036,11110.0,5,PGD,0.8
1.0,0.5887850467289719,0.04535637149028078,0.08422459893048129,1389.0,5,PGD,0.8
accuracy,0.8903912312985038,0.8903912312985038,0.8903912312985038,0.8903912312985038,5,PGD,0.8
macro avg,0.7408902638422135,0.5206979877253384,0.5129658438444424,12499.0,5,PGD,0.8
weighted avg,0.8591889129787701,0.8903912312985038,0.8464160112025204,12499.0,5,PGD,0.8
