,precision,recall,f1-score,support,fold,attack,epsilon
0.0,0.9040738019430158,0.996669966699667,0.9481164383561644,11111.0,1,FGSM,1.0
1.0,0.852,0.15345821325648415,0.2600732600732601,1388.0,1,FGSM,1.0
accuracy,0.9030322425794064,0.9030322425794064,0.9030322425794064,0.9030322425794064,1,FGSM,1.0
macro avg,0.8780369009715079,0.5750640899780756,0.6040948492147122,12499.0,1,FGSM,1.0
weighted avg,0.8982910643562563,0.9030322425794064,0.8717100113254683,12499.0,1,FGSM,1.0
