,precision,recall,f1-score,support,fold,attack,epsilon
0.0,0.9472243606192798,0.996669966699667,0.971318305411806,11111.0,1,PGD,0.2
1.0,0.9542079207920792,0.5554755043227666,0.7021857923497268,1388.0,1,PGD,0.2
accuracy,0.9476758140651252,0.9476758140651252,0.9476758140651252,0.9476758140651252,1,PGD,0.2
macro avg,0.9507161407056794,0.7760727355112168,0.8367520488807664,12499.0,1,PGD,0.2
weighted avg,0.9479998771821926,0.9476758140651252,0.9414314402121767,12499.0,1,PGD,0.2
