,precision,recall,f1-score,support,fold,attack,epsilon
0.0,0.9687472642913421,0.996039603960396,0.9822038787556029,11110.0,5,FGSM,0.2
1.0,0.9591078066914498,0.7429805615550756,0.8373225152129817,1389.0,5,FGSM,0.2
accuracy,0.9679174333946716,0.9679174333946716,0.9679174333946716,0.9679174333946716,5,FGSM,0.2
macro avg,0.9639275354913959,0.8695100827577358,0.9097631969842923,12499.0,5,FGSM,0.2
weighted avg,0.967676042065064,0.9679174333946716,0.9661033735983342,12499.0,5,FGSM,0.2
