,precision,recall,f1-score,support,fold,attack,epsilon
0.0,0.9018220270050431,0.997839978399784,0.9474044007690664,11111.0,3,PGD,0.5
1.0,0.8829268292682927,0.1304034582132565,0.22724419334588827,1388.0,3,PGD,0.5
accuracy,0.9015121209696776,0.9015121209696776,0.9015121209696776,0.9015121209696776,3,PGD,0.5
macro avg,0.8923744281366679,0.5641217183065202,0.5873242970574774,12499.0,3,PGD,0.5
weighted avg,0.8997237363851048,0.9015121209696776,0.867431413497815,12499.0,3,PGD,0.5
