Fold,Tempo (s)
1,5271.196139335632
2,5241.3985850811005
3,5310.139190912247
4,5284.734330415726
5,5418.26353931427
Total,26525.731785058975
